time_stamp,cpu_user,cpu_system,io_wait,io_read,io_write,await,util,node_name
01:48:32,4.91,3.59,0.90,6.14,0.18,10.59,5.25,object1
01:48:37,11.67,6.32,0.15,8.57,0.00,0.66,5.12,object1
01:48:42,2.53,2.08,1.82,9.54,0.83,13.78,11.92,object1
01:48:47,3.74,2.68,58.34,9.90,4.41,736.97,97.28,object1
01:48:52,6.64,5.67,1.18,9.54,0.01,1.23,7.44,object1
01:48:57,8.00,6.18,0.20,9.60,0.00,0.49,3.76,object1
01:49:02,8.46,6.52,0.15,10.21,1.67,5.24,5.44,object1
01:49:07,16.94,7.94,0.25,9.07,17.57,28.85,7.76,object1
01:49:12,20.43,5.60,9.88,9.83,0.05,3.16,19.84,object1
01:49:17,9.24,6.21,0.15,9.70,0.01,0.73,6.00,object1
01:49:22,21.84,9.74,0.31,9.71,0.01,0.82,6.48,object1
01:49:27,83.30,13.32,0.40,9.80,0.05,0.59,4.96,object1
01:49:32,59.18,11.60,5.82,9.63,1.21,11.40,14.48,object1
01:49:37,90.89,8.96,0.00,4.26,9.42,34.68,11.84,object1
01:49:42,76.81,10.86,0.00,9.41,0.05,0.51,4.48,object1
01:49:47,26.17,6.96,0.36,8.59,0.06,0.73,6.72,object1
01:49:52,10.47,4.24,0.46,8.55,0.01,0.59,4.40,object1
01:49:57,12.72,6.06,4.43,9.28,1.77,7.57,10.56,object1
01:50:02,10.89,5.75,6.16,6.26,17.68,38.39,16.24,object1
01:50:07,13.14,7.44,0.41,3.01,0.00,0.32,1.20,object1
01:50:12,1.36,0.81,18.38,4.01,0.00,0.43,44.56,object1
01:50:17,15.16,10.04,7.01,24.03,0.01,10.25,20.64,object1
